-- phpMyAdmin SQL Dump
-- version 4.8.3
-- https://www.phpmyadmin.net/
--
-- Хост: 127.0.0.1:3306
-- Время создания: Сен 07 2020 г., 18:29
-- Версия сервера: 8.0.12
-- Версия PHP: 7.2.10

SET SQL_MODE = "NO_AUTO_VALUE_ON_ZERO";
SET AUTOCOMMIT = 0;
START TRANSACTION;
SET time_zone = "+00:00";


/*!40101 SET @OLD_CHARACTER_SET_CLIENT=@@CHARACTER_SET_CLIENT */;
/*!40101 SET @OLD_CHARACTER_SET_RESULTS=@@CHARACTER_SET_RESULTS */;
/*!40101 SET @OLD_COLLATION_CONNECTION=@@COLLATION_CONNECTION */;
/*!40101 SET NAMES utf8mb4 */;

--
-- База данных: `movies`
--

-- --------------------------------------------------------

--
-- Структура таблицы `genres`
--

CREATE TABLE `genres` (
  `id` int(11) NOT NULL,
  `external_id` int(11) NOT NULL,
  `name` varchar(255) COLLATE utf8_unicode_ci NOT NULL
) ENGINE=InnoDB DEFAULT CHARSET=utf8 COLLATE=utf8_unicode_ci;

--
-- Дамп данных таблицы `genres`
--

INSERT INTO `genres` (`id`, `external_id`, `name`) VALUES
(1, 28, 'Action'),
(2, 12, 'Adventure'),
(3, 16, 'Animation'),
(4, 35, 'Comedy'),
(5, 80, 'Crime'),
(6, 99, 'Documentary'),
(7, 18, 'Drama'),
(8, 10751, 'Family'),
(9, 14, 'Fantasy'),
(10, 36, 'History'),
(11, 27, 'Horror'),
(12, 10402, 'Music'),
(13, 9648, 'Mystery'),
(14, 10749, 'Romance'),
(15, 878, 'Science Fiction'),
(16, 10770, 'TV Movie'),
(17, 53, 'Thriller'),
(18, 10752, 'War'),
(19, 37, 'Western');

-- --------------------------------------------------------

--
-- Структура таблицы `movies`
--

CREATE TABLE `movies` (
  `id` int(11) NOT NULL,
  `external_id` int(11) NOT NULL,
  `title` varchar(255) COLLATE utf8_unicode_ci NOT NULL,
  `popularity` double NOT NULL,
  `release_date` date NOT NULL,
  `vote_count` int(11) NOT NULL,
  `vote_average` double NOT NULL
) ENGINE=InnoDB DEFAULT CHARSET=utf8 COLLATE=utf8_unicode_ci;

--
-- Дамп данных таблицы `movies`
--

INSERT INTO `movies` (`id`, `external_id`, `title`, `popularity`, `release_date`, `vote_count`, `vote_average`) VALUES
(421, 612706, 'Work It', 156.168, '2020-08-07', 200, 8.1),
(422, 583083, 'The Kissing Booth 2', 152.489, '2020-07-24', 2951, 8.1),
(423, 703745, 'Deep Blue Sea 3', 109.321, '2020-07-28', 140, 6.6),
(424, 703771, 'Deathstroke: Knights & Dragons - The Movie', 133.719, '2020-08-04', 49, 7.5),
(425, 531499, 'The Tax Collector', 112.048, '2020-08-07', 30, 6),
(426, 516486, 'Greyhound', 89.431, '2020-06-19', 847, 7.5),
(427, 628917, 'An American Pickle', 108.642, '2020-08-06', 30, 5.8),
(428, 475557, 'Joker', 89.358, '2019-10-02', 14203, 8.2),
(429, 385103, 'Scoob!', 91.459, '2020-07-08', 369, 7.6),
(430, 419704, 'Ad Astra', 57.899, '2019-09-17', 4056, 6.1),
(431, 547016, 'The Old Guard', 69.88, '2020-07-10', 1591, 7.4),
(432, 299536, 'Avengers: Infinity War', 84.074, '2018-04-25', 19227, 8.3),
(433, 531876, 'The Outpost', 64.16, '2020-06-24', 264, 6.6),
(434, 27205, 'Inception', 86.524, '2010-07-15', 26730, 8.3),
(435, 430155, 'Coma', 75.087, '2019-11-19', 142, 6),
(436, 181812, 'Star Wars: The Rise of Skywalker', 70.173, '2019-12-18', 5405, 6.6),
(437, 414887, 'Madam', 89.534, '2015-08-14', 1, 6),
(438, 659991, 'Made in Italy', 79.491, '2020-08-06', 4, 6.8),
(439, 495764, 'Birds of Prey (and the Fantabulous Emancipation of One Harley Quinn)', 66.139, '2020-02-05', 5363, 7.2),
(440, 496243, 'Parasite', 69.357, '2019-05-30', 8716, 8.5),
(441, 695596, 'Malibu Rescue: The Next Wave', 50.962, '2020-08-04', 25, 6.8),
(442, 330457, 'Frozen II', 59.97, '2019-11-20', 5742, 7.3),
(443, 651586, 'Superagente Makey', 48.181, '2020-07-17', 14, 3.9),
(444, 514847, 'The Hunt', 57.575, '2020-03-11', 1217, 6.7),
(445, 429617, 'Spider-Man: Far from Home', 60.979, '2019-06-28', 8043, 7.5),
(446, 505707, 'Waiting for the Barbarians', 57.728, '2019-09-06', 27, 5.3),
(447, 157336, 'Interstellar', 73.855, '2014-11-05', 23300, 8.3),
(448, 454626, 'Sonic the Hedgehog', 58.883, '2020-02-12', 5341, 7.5),
(449, 530915, '1917', 49.143, '2019-12-25', 6027, 8),
(450, 11, 'Star Wars', 65.501, '1977-05-25', 14091, 8.2),
(451, 545609, 'Extraction', 52.357, '2020-04-24', 2865, 7.5),
(452, 454983, 'The Kissing Booth', 53.478, '2018-05-11', 5225, 7.3),
(453, 406997, 'Wonder', 45.333, '2017-11-13', 5474, 8.2),
(454, 38700, 'Bad Boys for Life', 51.895, '2020-01-15', 4877, 7.2),
(455, 672, 'Harry Potter and the Chamber of Secrets', 56.035, '2002-11-13', 14734, 7.7),
(456, 587496, 'The Rental', 48.899, '2020-07-23', 96, 5.7),
(457, 420809, 'Maleficent: Mistress of Evil', 51.908, '2019-10-16', 3404, 7.3),
(458, 621, 'Grease', 48.987, '1978-07-07', 4982, 7.4),
(459, 284053, 'Thor: Ragnarok', 53.515, '2017-10-25', 14379, 7.6),
(460, 522627, 'The Gentlemen', 40.124, '2020-01-01', 1750, 7.7),
(461, 429, 'The Good, the Bad and the Ugly', 38.633, '1966-12-23', 5259, 8.4),
(462, 521034, 'The Secret Garden', 69.745, '2020-07-08', 42, 7.6),
(463, 278, 'The Shawshank Redemption', 34.852, '1994-09-23', 16885, 8.7),
(464, 515001, 'Jojo Rabbit', 44.008, '2019-10-18', 4402, 8.1),
(465, 508439, 'Onward', 48.458, '2020-02-29', 2812, 7.9),
(466, 338762, 'Bloodshot', 49.992, '2020-03-05', 2983, 7),
(467, 122917, 'The Hobbit: The Battle of the Five Armies', 50.359, '2014-12-10', 10122, 7.3),
(468, 299537, 'Captain Marvel', 46.117, '2019-03-06', 9854, 7),
(469, 512200, 'Jumanji: The Next Level', 49.47, '2019-12-04', 4391, 6.9),
(470, 458156, 'John Wick: Chapter 3 - Parabellum', 46.442, '2019-05-15', 5517, 7.3),
(471, 807, 'Se7en', 44.524, '1995-09-22', 13545, 8.3),
(472, 599399, 'After We Leave', 38.345, '2019-05-20', 2, 5),
(473, 664301, 'I Used to Go Here', 31.585, '2020-08-07', 5, 4.7),
(474, 299534, 'Avengers: Endgame', 46.11, '2019-04-24', 14518, 8.3),
(475, 120, 'The Lord of the Rings: The Fellowship of the Ring', 48.722, '2001-12-18', 17537, 8.3),
(476, 13, 'Forrest Gump', 46.074, '1994-07-06', 18595, 8.5),
(477, 671, 'Harry Potter and the Philosopher\'s Stone', 46.606, '2001-11-16', 17708, 7.9),
(478, 271110, 'Captain America: Civil War', 49.053, '2016-04-27', 16598, 7.4),
(479, 546554, 'Knives Out', 48.037, '2019-11-27', 5161, 7.8),
(480, 664553, 'What We Found', 44.634, '2020-07-31', 2, 2),
(481, 24428, 'The Avengers', 42.919, '2012-04-25', 22904, 7.7),
(482, 570670, 'The Invisible Man', 37.834, '2020-02-26', 2611, 7.2),
(483, 105, 'Back to the Future', 42.773, '1985-07-03', 13626, 8.3),
(484, 290859, 'Terminator: Dark Fate', 51.381, '2019-10-23', 2697, 6.5),
(485, 537915, 'After', 59.913, '2019-04-11', 4395, 7),
(486, 445629, 'Fighting with My Family', 35.26, '2019-02-14', 870, 6.7),
(487, 466272, 'Once Upon a Time… in Hollywood', 37.701, '2019-07-24', 7028, 7.5),
(488, 177572, 'Big Hero 6', 43.556, '2014-10-24', 11962, 7.8),
(489, 601165, 'Legacy of Lies', 37.936, '2020-08-06', 51, 6),
(490, 181808, 'Star Wars: The Last Jedi', 44.885, '2017-12-13', 10873, 7),
(491, 489326, 'Mortal', 33.025, '2020-02-28', 27, 5.7),
(492, 529485, 'The Way Back', 42.271, '2020-03-05', 302, 6.6),
(493, 150540, 'Inside Out', 42.507, '2015-06-09', 15277, 7.9),
(494, 587792, 'Palm Springs', 35.964, '2020-08-20', 0, 0),
(495, 528888, 'Dolemite Is My Name', 43.249, '2019-10-04', 660, 7.1),
(496, 324857, 'Spider-Man: Into the Spider-Verse', 37.962, '2018-12-06', 7754, 8.4),
(497, 603, 'The Matrix', 34.643, '1999-03-30', 17545, 8.1),
(498, 244786, 'Whiplash', 46.382, '2014-10-10', 9986, 8.4),
(499, 696002, 'Paydirt', 31.511, '2020-08-07', 3, 5.7),
(500, 480857, 'Radioactive', 36.005, '2020-03-11', 124, 6.1),
(501, 228150, 'Fury', 42.345, '2014-10-15', 8252, 7.5),
(502, 284054, 'Black Panther', 37.588, '2018-02-13', 15593, 7.4),
(503, 210577, 'Gone Girl', 41.406, '2014-10-01', 12948, 7.9),
(504, 590854, 'The Hater', 40.223, '2020-03-06', 108, 7),
(505, 12, 'Finding Nemo', 33.228, '2003-05-30', 13865, 7.8),
(506, 194662, 'Birdman or (The Unexpected Virtue of Ignorance)', 33.254, '2014-08-27', 9632, 7.5),
(507, 486589, 'Red Shoes and the Seven Dwarfs', 36.983, '2019-07-25', 346, 7.3),
(508, 141052, 'Justice League', 35.719, '2017-11-15', 9457, 6.2),
(509, 22, 'Pirates of the Caribbean: The Curse of the Black Pearl', 39.573, '2003-07-09', 14825, 7.7),
(510, 12445, 'Harry Potter and the Deathly Hallows: Part 2', 46.418, '2011-07-07', 14164, 8.1),
(511, 550, 'Fight Club', 39.813, '1999-10-15', 19792, 8.4),
(512, 673, 'Harry Potter and the Prisoner of Azkaban', 36.981, '2004-05-31', 14382, 8),
(513, 284052, 'Doctor Strange', 38.909, '2016-10-25', 15522, 7.4),
(514, 420818, 'The Lion King', 47.839, '2019-07-12', 6566, 7.2),
(515, 129, 'Spirited Away', 34.242, '2001-07-20', 9917, 8.5),
(516, 581392, 'Peninsula', 34.504, '2020-07-15', 33, 6),
(517, 607, 'Men in Black', 38.001, '1997-07-02', 9793, 7.1),
(518, 293660, 'Deadpool', 43.908, '2016-02-09', 23345, 7.6),
(519, 315635, 'Spider-Man: Homecoming', 49.952, '2017-07-05', 14674, 7.4),
(520, 269149, 'Zootopia', 40.643, '2016-02-11', 12031, 7.7),
(521, 155, 'The Dark Knight', 40.453, '2008-07-16', 22975, 8.4),
(522, 474350, 'It Chapter Two', 39.634, '2019-09-04', 4610, 6.9),
(523, 283995, 'Guardians of the Galaxy Vol. 2', 37.244, '2017-04-19', 15232, 7.6),
(524, 286217, 'The Martian', 38.985, '2015-09-30', 14439, 7.7),
(525, 383498, 'Deadpool 2', 36.235, '2018-05-10', 11873, 7.5),
(526, 140607, 'Star Wars: The Force Awakens', 38.025, '2015-12-15', 14788, 7.4),
(527, 335984, 'Blade Runner 2049', 40.154, '2017-10-04', 8558, 7.4),
(528, 605804, 'The Wretched', 30.752, '2020-05-01', 158, 6.4),
(529, 559969, 'El Camino: A Breaking Bad Movie', 38.675, '2019-10-11', 2688, 6.9),
(530, 198663, 'The Maze Runner', 52.751, '2014-09-10', 12393, 7.1),
(531, 109445, 'Frozen', 51.704, '2013-11-27', 12191, 7.3),
(532, 420817, 'Aladdin', 44.537, '2019-05-22', 6602, 7.1),
(533, 12444, 'Harry Potter and the Deathly Hallows: Part 1', 41.5, '2010-10-17', 13181, 7.8),
(534, 712110, 'Last Words', 38.008, '2020-12-31', 0, 0),
(535, 500922, 'A Score to Settle', 35.11, '2019-08-01', 256, 6.4),
(536, 444090, 'The Ash Lad: In the Hall of the Mountain King', 25.123, '2017-09-29', 147, 6.5),
(537, 297762, 'Wonder Woman', 40.162, '2017-05-30', 15035, 7.3),
(538, 384018, 'Fast & Furious Presents: Hobbs & Shaw', 40.128, '2019-08-01', 4011, 6.9),
(539, 19101, 'A Little Princess', 22.318, '1995-05-10', 575, 7.5),
(540, 98566, 'Teenage Mutant Ninja Turtles', 36.542, '2014-08-07', 5049, 5.9),
(541, 238, 'The Godfather', 37.522, '1972-03-14', 12742, 8.7),
(542, 166428, 'How to Train Your Dragon: The Hidden World', 41.43, '2019-01-03', 3782, 7.8),
(543, 333339, 'Ready Player One', 29.854, '2018-03-28', 9842, 7.6),
(544, 680, 'Pulp Fiction', 36.006, '1994-09-10', 19253, 8.5),
(545, 404368, 'Ralph Breaks the Internet', 32.768, '2018-11-20', 4751, 7.2),
(546, 99861, 'Avengers: Age of Ultron', 37.289, '2015-04-22', 16293, 7.3),
(547, 661747, 'Seriously Single', 29.93, '2020-07-31', 56, 7.4),
(548, 101, 'Léon: The Professional', 40.029, '1994-09-14', 9758, 8.3),
(549, 260346, 'Taken 3', 34.77, '2014-12-16', 4077, 6.2),
(550, 856, 'Who Framed Roger Rabbit', 32.523, '1988-06-21', 3736, 7.5),
(551, 443791, 'Underwater', 37.186, '2020-01-08', 1464, 6.3),
(552, 481848, 'The Call of the Wild', 27.201, '2020-02-19', 1673, 7.5),
(553, 521007, 'Superintelligence', 36.277, '2020-12-31', 0, 0),
(554, 78, 'Blade Runner', 32.645, '1982-06-25', 9392, 7.9),
(555, 674, 'Harry Potter and the Goblet of Fire', 35.543, '2005-11-16', 13757, 7.8),
(556, 338952, 'Fantastic Beasts: The Crimes of Grindelwald', 25.002, '2018-11-14', 7096, 6.9),
(557, 106646, 'The Wolf of Wall Street', 29.588, '2013-12-25', 15745, 8),
(558, 122, 'The Lord of the Rings: The Return of the King', 41.434, '2003-12-01', 16023, 8.5),
(559, 501170, 'Doctor Sleep', 34.678, '2019-10-30', 2004, 7.1),
(560, 446893, 'Trolls World Tour', 40.004, '2020-03-12', 1026, 7.7),
(561, 85, 'Raiders of the Lost Ark', 48.42, '1981-06-12', 8211, 7.9),
(562, 522938, 'Rambo: Last Blood', 31.718, '2019-09-19', 2055, 6.3),
(563, 664297, 'She Dies Tomorrow', 35.39, '2020-07-31', 7, 5.2),
(564, 431693, 'Spies in Disguise', 36.223, '2019-12-04', 1537, 7.7),
(565, 209112, 'Batman v Superman: Dawn of Justice', 30.156, '2016-03-23', 13716, 5.9),
(566, 372058, 'Your Name.', 35.499, '2016-08-26', 6158, 8.6),
(567, 673174, 'Offering to the Storm', 36.755, '2020-07-24', 80, 6.3),
(568, 49026, 'The Dark Knight Rises', 34.158, '2012-07-16', 16424, 7.7),
(569, 1726, 'Iron Man', 44.245, '2008-04-30', 18851, 7.6),
(570, 259316, 'Fantastic Beasts and Where to Find Them', 31.793, '2016-11-16', 14317, 7.4),
(571, 9340, 'The Goonies', 48.8, '1985-06-07', 3650, 7.5),
(572, 68721, 'Iron Man 3', 26.527, '2013-04-18', 16464, 6.9),
(573, 348, 'Alien', 31.51, '1979-05-25', 9377, 8.1),
(574, 480105, '47 Meters Down: Uncaged', 30.437, '2019-08-15', 761, 5.6),
(575, 619264, 'The Platform', 41.73, '2019-11-08', 3549, 7),
(576, 597, 'Titanic', 47.928, '1997-11-18', 17485, 7.9),
(577, 539181, 'Relic', 23.254, '2020-07-03', 105, 6.4),
(578, 10195, 'Thor', 33.424, '2011-04-21', 15219, 6.8),
(579, 323144, 'Anita', 32.245, '2020-12-31', 0, 0),
(580, 458897, 'Charlie\'s Angels', 26.368, '2019-11-14', 1478, 6.7),
(581, 522162, 'Midway', 30.862, '2019-11-06', 1128, 7.1),
(582, 198277, 'Begin Again', 27.793, '2013-09-07', 2619, 7.2),
(583, 4011, 'Beetlejuice', 41.778, '1988-02-29', 4076, 7.3),
(584, 345940, 'The Meg', 30.951, '2018-08-09', 4272, 6.1),
(585, 359724, 'Ford v Ferrari', 39.539, '2019-11-13', 3203, 7.9),
(586, 354912, 'Coco', 47.317, '2017-10-27', 11878, 8.2),
(587, 493922, 'Hereditary', 30.135, '2018-06-07', 4173, 7.1),
(588, 301528, 'Toy Story 4', 31.088, '2019-06-19', 5734, 7.6),
(589, 557, 'Spider-Man', 33.095, '2002-05-01', 12208, 7.1),
(590, 576156, 'The Lovebirds', 32.914, '2020-05-22', 329, 6.4),
(591, 448119, 'Dolittle', 34.146, '2020-01-01', 1949, 6.8),
(592, 579583, 'The King of Staten Island', 34.435, '2020-07-22', 60, 7),
(593, 131631, 'The Hunger Games: Mockingjay - Part 1', 32.214, '2014-11-19', 11792, 6.8),
(594, 1724, 'The Incredible Hulk', 27.4, '2008-06-12', 7779, 6.2),
(595, 667154, 'Uncle Peckerhead', 46.613, '2020-08-11', 0, 0),
(596, 767, 'Harry Potter and the Half-Blood Prince', 35.894, '2009-07-07', 13059, 7.7),
(597, 398978, 'The Irishman', 34.601, '2019-11-01', 3832, 7.7),
(598, 8392, 'My Neighbor Totoro', 35.837, '1988-04-16', 4751, 8.1),
(599, 58, 'Pirates of the Caribbean: Dead Man\'s Chest', 30.531, '2006-06-20', 11277, 7.3),
(600, 216015, 'Fifty Shades of Grey', 35.634, '2015-02-11', 8440, 5.8),
(601, 87101, 'Terminator Genisys', 46.418, '2015-06-23', 6222, 5.9),
(602, 475430, 'Artemis Fowl', 26.723, '2020-06-12', 731, 5.9),
(603, 423204, 'Angel Has Fallen', 34.864, '2019-08-21', 1901, 6.4),
(604, 70981, 'Prometheus', 25.16, '2012-05-30', 8625, 6.4),
(605, 321612, 'Beauty and the Beast', 38.448, '2017-03-16', 12685, 6.9),
(606, 363088, 'Ant-Man and the Wasp', 32.702, '2018-07-04', 8730, 7),
(607, 555974, 'Brahms: The Boy II', 25.734, '2020-02-20', 526, 6.3),
(608, 335983, 'Venom', 37.453, '2018-09-28', 9203, 6.7),
(609, 399579, 'Alita: Battle Angel', 45.151, '2019-01-31', 5480, 7.1),
(610, 463319, 'Shadow', 29.181, '2018-09-30', 141, 6.7),
(611, 559, 'Spider-Man 3', 31.1, '2007-05-01', 8852, 6.2),
(612, 320288, 'Dark Phoenix', 45.354, '2019-06-05', 3804, 6.1),
(613, 8587, 'The Lion King', 36.408, '1994-06-23', 12801, 8.2),
(614, 949, 'Heat', 28.808, '1995-12-15', 4177, 7.9),
(615, 76341, 'Mad Max: Fury Road', 36.344, '2015-05-13', 16798, 7.5),
(616, 62, '2001: A Space Odyssey', 32.12, '1968-04-09', 7496, 8.1),
(617, 724089, 'Gabriel\'s Inferno Part II', 29.225, '2020-07-31', 589, 9.2),
(618, 1648, 'Bill & Ted\'s Excellent Adventure', 33.276, '1989-02-17', 994, 6.8),
(619, 324552, 'John Wick: Chapter 2', 26.082, '2017-02-08', 8145, 7.2),
(620, 523977, 'Summerland', 31.878, '2020-07-24', 13, 8.1),
(621, 353081, 'Mission: Impossible - Fallout', 31.934, '2018-07-13', 5226, 7.4),
(622, 478860, 'Proxima', 27.528, '2019-11-27', 112, 6.5),
(623, 11324, 'Shutter Island', 31.005, '2010-02-14', 16066, 8.1),
(624, 89, 'Indiana Jones and the Last Crusade', 25.999, '1989-05-24', 6629, 7.8),
(625, 524047, 'Greenland', 31.48, '2020-07-29', 19, 6.8),
(626, 272, 'Batman Begins', 38.442, '2005-06-10', 14735, 7.7),
(627, 537971, 'Mia', 19.377, '2017-12-17', 4, 5),
(628, 466282, 'To All the Boys I\'ve Loved Before', 28.607, '2018-08-16', 6372, 7.8),
(629, 339964, 'Valerian and the City of a Thousand Planets', 21.196, '2017-07-20', 5194, 6.6),
(630, 102899, 'Ant-Man', 34.384, '2015-07-14', 14364, 7.1),
(631, 121, 'The Lord of the Rings: The Two Towers', 34.113, '2002-12-18', 15118, 8.3),
(632, 285, 'Pirates of the Caribbean: At World\'s End', 28.551, '2007-05-19', 10060, 7.2),
(633, 181533, 'Night at the Museum: Secret of the Tomb', 27.218, '2014-12-17', 4309, 6.2),
(634, 205596, 'The Imitation Game', 37.083, '2014-11-14', 12420, 8),
(635, 556574, 'Hamilton', 27.502, '2020-07-03', 324, 8.6),
(636, 340102, 'The New Mutants', 32.366, '2020-08-26', 0, 0),
(637, 49524, 'R.I.P.D.', 36.585, '2013-07-18', 2510, 5.7),
(638, 608, 'Men in Black II', 29.228, '2002-07-03', 7092, 6.3),
(639, 428045, 'Journey to China: The Mystery of Iron Mask', 35.67, '2019-08-16', 140, 6.2),
(640, 675, 'Harry Potter and the Order of the Phoenix', 35.914, '2007-06-28', 13348, 7.7),
(641, 2062, 'Ratatouille', 27.361, '2007-06-22', 11321, 7.7),
(642, 157350, 'Divergent', 23, '2014-03-14', 9781, 6.9),
(643, 640, 'Catch Me If You Can', 30.589, '2002-12-25', 9602, 7.9),
(644, 719643, 'Black Is King', 27.714, '2020-07-31', 47, 7.7),
(645, 450465, 'Glass', 26.165, '2019-01-16', 5426, 6.6),
(646, 57158, 'The Hobbit: The Desolation of Smaug', 28.325, '2013-12-11', 9184, 7.6),
(647, 2048, 'I, Robot', 37.617, '2004-07-15', 8417, 6.9),
(648, 373571, 'Godzilla: King of the Monsters', 36.052, '2019-05-29', 2842, 6.4),
(649, 337401, 'Mulan', 30.731, '2020-09-04', 0, 0),
(650, 514207, 'Invasion', 26.939, '2020-01-01', 339, 7.1),
(651, 254470, 'Pitch Perfect 2', 28.792, '2015-05-07', 4212, 6.9),
(652, 562, 'Die Hard', 25.553, '1988-07-15', 7469, 7.7),
(653, 102651, 'Maleficent', 37.452, '2014-05-28', 10168, 7.1),
(654, 18, 'The Fifth Element', 32.741, '1997-05-02', 7507, 7.5),
(655, 464052, 'Wonder Woman 1984', 36.008, '2020-08-13', 1, 4),
(656, 43074, 'Ghostbusters', 42.678, '2016-07-14', 4519, 5.4),
(657, 10764, 'Quantum of Solace', 31.771, '2008-10-30', 5390, 6.3),
(658, 679, 'Aliens', 29.858, '1986-07-18', 6222, 7.9),
(659, 723072, 'Host', 25.916, '2020-07-30', 41, 6.7),
(660, 11130, 'The Princess Diaries 2: Royal Engagement', 29.205, '2004-08-06', 2324, 6.6),
(661, 577922, 'Tenet', 32.24, '2020-08-26', 0, 0),
(662, 62177, 'Brave', 35.957, '2012-06-21', 9877, 7),
(663, 140300, 'Kung Fu Panda 3', 21.959, '2016-01-23', 3674, 6.8),
(664, 606679, 'The High Note', 40.524, '2020-06-10', 91, 7.5),
(665, 348350, 'Solo: A Star Wars Story', 31.859, '2018-05-15', 5506, 6.6),
(666, 263115, 'Logan', 34.598, '2017-02-28', 14636, 7.8),
(667, 381284, 'Hidden Figures', 24.936, '2016-12-10', 6050, 8),
(668, 458305, 'Vivarium', 36.524, '2019-09-07', 551, 5.9),
(669, 93456, 'Despicable Me 2', 27.124, '2013-06-25', 8522, 6.9),
(670, 287947, 'Shazam!', 36.645, '2019-03-29', 5370, 7),
(671, 530385, 'Midsommar', 32.55, '2019-07-03', 2688, 7.1),
(672, 453405, 'Gemini Man', 37.361, '2019-10-02', 2629, 6.3),
(673, 19995, 'Avatar', 42.035, '2009-12-10', 21817, 7.4),
(674, 98, 'Gladiator', 31.996, '2000-05-01', 12227, 8.2),
(675, 585, 'Monsters, Inc.', 36.09, '2001-11-01', 13048, 7.8),
(676, 254, 'King Kong', 28.037, '2005-12-12', 5378, 6.8),
(677, 351286, 'Jurassic World: Fallen Kingdom', 29.35, '2018-06-06', 7937, 6.5),
(678, 489245, 'The Kill Team', 28.534, '2019-10-17', 200, 6.8),
(679, 9762, 'Step Up', 32.326, '2006-08-11', 2780, 6.9),
(680, 126889, 'Alien: Covenant', 27.934, '2017-05-09', 5881, 5.9),
(681, 218, 'The Terminator', 29.661, '1984-10-26', 8502, 7.6),
(682, 280, 'Terminator 2: Judgment Day', 31.709, '1991-07-03', 8350, 8),
(683, 3604, 'Flash Gordon', 34.207, '1980-09-01', 517, 6.1),
(684, 680267, 'Max Reload and the Nether Blasters', 41.587, '2020-08-11', 0, 0),
(685, 348893, 'Boyka: Undisputed IV', 28.114, '2016-08-01', 718, 6.7),
(686, 332562, 'A Star Is Born', 26.276, '2018-10-03', 8336, 7.5),
(687, 310, 'Bruce Almighty', 28.642, '2003-05-23', 7762, 6.7),
(688, 854, 'The Mask', 38.685, '1994-07-29', 6844, 6.9),
(689, 24, 'Kill Bill: Vol. 1', 29.382, '2003-10-10', 12078, 8),
(690, 329865, 'Arrival', 33.189, '2016-11-10', 12573, 7.5),
(691, 419430, 'Get Out', 28.137, '2017-02-24', 11475, 7.6),
(692, 424694, 'Bohemian Rhapsody', 39.747, '2018-10-24', 11672, 8),
(693, 207703, 'Kingsman: The Secret Service', 29.381, '2014-12-13', 12068, 7.6),
(694, 480923, 'Dead Ant', 41.132, '2017-10-10', 22, 5.2),
(695, 429476, 'Hell Fest', 21.429, '2018-09-27', 492, 5.6),
(696, 502425, 'Escape From Pretoria', 21.366, '2020-03-06', 370, 7.3),
(697, 396422, 'Annabelle: Creation', 23.21, '2017-08-03', 3909, 6.5),
(698, 28, 'Apocalypse Now', 28.694, '1979-08-15', 5111, 8.3),
(699, 857, 'Saving Private Ryan', 27.286, '1998-07-24', 10609, 8.1),
(700, 149, 'Akira', 21.983, '1988-07-16', 2211, 7.9),
(701, 262500, 'Insurgent', 30.418, '2015-03-18', 7840, 6.3),
(702, 862, 'Toy Story', 34.665, '1995-10-30', 12757, 7.9),
(703, 91314, 'Transformers: Age of Extinction', 34.369, '2014-06-25', 5667, 5.8),
(704, 411088, 'The Invisible Guest', 27.722, '2016-09-22', 2610, 8.2),
(705, 405774, 'Bird Box', 29.331, '2018-12-13', 6764, 6.9),
(706, 525661, 'Bombshell', 26.153, '2019-12-13', 1320, 6.8),
(707, 12429, 'Ponyo', 34.873, '2008-07-19', 2402, 7.7),
(708, 257344, 'Pixels', 27.469, '2015-07-16', 5428, 5.7),
(709, 664767, 'Mortal Kombat Legends: Scorpion\'s Revenge', 24.364, '2020-04-12', 558, 8.4),
(710, 331482, 'Little Women', 28.239, '2019-12-25', 2691, 8),
(711, 8092, 'This Boy\'s Life', 20.449, '1993-04-09', 556, 7.1),
(712, 568160, 'Weathering with You', 33.242, '2019-07-19', 533, 8.1),
(713, 439079, 'The Nun', 29.921, '2018-09-05', 4036, 5.7),
(714, 395992, 'Life', 39.995, '2017-03-22', 5164, 6.4),
(715, 293167, 'Kong: Skull Island', 30.098, '2017-03-08', 7378, 6.4),
(716, 338967, 'Zombieland: Double Tap', 28.591, '2019-10-09', 2738, 7),
(717, 135397, 'Jurassic World', 33.889, '2015-06-06', 15878, 6.6),
(718, 539537, 'Fantasy Island', 31.38, '2020-02-12', 1098, 6.2),
(719, 718100, 'The Swan Princess: A Royal Wedding', 33.24, '2020-07-20', 6, 5.8),
(720, 509967, '6 Underground', 24.594, '2019-12-13', 2424, 6.3),
(721, 76338, 'Thor: The Dark World', 31.219, '2013-10-29', 12272, 6.6),
(722, 567609, 'Ready or Not', 31.556, '2019-08-21', 1924, 7),
(723, 49051, 'The Hobbit: An Unexpected Journey', 31.607, '2012-11-26', 13842, 7.3),
(724, 10053, 'When a Stranger Calls', 20.899, '2006-02-03', 664, 5.6),
(725, 445571, 'Game Night', 39.607, '2018-02-22', 3782, 6.9),
(726, 156022, 'The Equalizer', 39.603, '2014-09-24', 6012, 7.2),
(727, 669185, 'Thomas & Friends: Marvelous Machinery', 26.971, '2020-08-10', 0, 0),
(728, 297802, 'Aquaman', 29.652, '2018-12-07', 9075, 6.9),
(729, 82702, 'How to Train Your Dragon 2', 28.914, '2014-06-09', 6810, 7.7),
(730, 752, 'V for Vendetta', 27.872, '2006-02-23', 10018, 7.9),
(731, 535292, '21 Bridges', 25.43, '2019-10-24', 794, 6.8),
(732, 428078, 'Mortal Engines', 29.995, '2018-11-27', 2828, 6.1),
(733, 948, 'Halloween', 27.551, '1978-10-24', 3073, 7.6),
(734, 1865, 'Pirates of the Caribbean: On Stranger Tides', 27.149, '2011-05-14', 10134, 6.5),
(735, 350, 'The Devil Wears Prada', 28.843, '2006-06-30', 8248, 7.3),
(736, 527660, 'Yes, God, Yes', 24.662, '2019-03-08', 58, 6.7),
(737, 456740, 'Hellboy', 26.123, '2019-04-10', 1958, 5.4),
(738, 424783, 'Bumblebee', 34.213, '2018-12-15', 3849, 6.6),
(739, 500, 'Reservoir Dogs', 28.47, '1992-09-02', 9507, 8.2),
(740, 503919, 'The Lighthouse', 24.679, '2019-10-18', 1789, 7.6),
(741, 782, 'Gattaca', 28.212, '1997-09-07', 4096, 7.5),
(742, 32657, 'Percy Jackson & the Olympians: The Lightning Thief', 32.761, '2010-02-01', 5299, 6.2),
(743, 20982, 'Naruto Shippuden the Movie', 23.305, '2007-08-04', 179, 7),
(744, 755, 'From Dusk Till Dawn', 27.353, '1996-01-19', 3888, 7),
(745, 197, 'Braveheart', 30.302, '1995-05-24', 6787, 7.9),
(746, 10138, 'Iron Man 2', 29.102, '2010-04-28', 14781, 6.8),
(747, 1930, 'The Amazing Spider-Man', 31.551, '2012-06-23', 12034, 6.6),
(748, 400535, 'Sicario: Day of the Soldado', 27.112, '2018-06-27', 1983, 6.8),
(749, 4935, 'Howl\'s Moving Castle', 29.39, '2004-11-19', 5449, 8.4),
(750, 592834, 'My Spy', 22.672, '2020-01-09', 459, 7.1),
(751, 527865, 'Nater Guru', 22.229, '2003-03-14', 3, 2.7),
(752, 253344, 'Some Kind of Beautiful', 23.145, '2015-07-16', 413, 5.6),
(753, 4951, '10 Things I Hate About You', 24.488, '1999-03-30', 5139, 7.5),
(754, 106, 'Predator', 27.385, '1987-06-12', 4744, 7.4),
(755, 270946, 'Penguins of Madagascar', 29.451, '2014-11-22', 2859, 6.5),
(756, 447404, 'Pokémon Detective Pikachu', 38.527, '2019-05-03', 4135, 7),
(757, 586954, 'Latte and the Magic Waterstone', 26.191, '2019-12-11', 43, 6.7),
(758, 612552, 'Scent of a Ghost', 16.493, '2019-07-03', 2, 5.5),
(759, 427641, 'Rampage', 25.292, '2018-04-12', 4530, 6.4),
(760, 490132, 'Green Book', 29.791, '2018-11-16', 6683, 8.3),
(761, 479455, 'Men in Black: International', 23.699, '2019-06-12', 2803, 6),
(762, 242512, 'Ouija', 25.71, '2014-10-24', 1998, 5.1),
(763, 401478, 'Death Race: Beyond Anarchy', 27.128, '2018-10-02', 154, 6.2),
(764, 300668, 'Annihilation', 23.821, '2018-02-22', 5791, 6.3),
(765, 240832, 'Lucy', 22.646, '2014-07-25', 11960, 6.4),
(766, 334543, 'Lion', 33.799, '2016-01-20', 4909, 8.1),
(767, 812, 'Aladdin', 34.836, '1992-11-25', 8147, 7.6),
(768, 166426, 'Pirates of the Caribbean: Dead Men Tell No Tales', 25.038, '2017-05-23', 8479, 6.6),
(769, 86331, 'Desire', 20.586, '2011-09-14', 236, 4.7),
(770, 12150, 'Sea of Love', 17.03, '1989-09-15', 333, 6.6),
(771, 725239, 'The Swamp', 38.063, '2020-08-04', 4, 5.5),
(772, 260513, 'Incredibles 2', 38.017, '2018-06-14', 8928, 7.6),
(773, 16869, 'Inglourious Basterds', 25.725, '2009-08-18', 15163, 8.2),
(774, 691228, 'Driftless', 28.225, '2020-08-27', 0, 0),
(775, 146233, 'Prisoners', 21.56, '2013-09-18', 7202, 8),
(776, 633604, 'Yummy', 26.349, '2020-07-23', 21, 7.3),
(777, 438747, 'Tangled: Before Ever After', 25.563, '2017-03-10', 142, 6.6),
(778, 605798, 'How to Fake a War', 22.859, '2020-08-21', 0, 0),
(779, 11631, 'Mamma Mia!', 21.1, '2008-07-02', 4571, 6.9),
(780, 690211, 'Love on Harbor Island', 19.629, '2020-08-08', 1, 2),
(781, 714375, 'Fatal Affair', 25.249, '2020-07-16', 128, 5.4),
(782, 595148, 'Irresistible', 23.349, '2020-08-21', 0, 0),
(783, 611395, 'Double World', 19.976, '2019-11-22', 84, 7),
(784, 489999, 'Searching', 23.898, '2018-08-24', 2299, 7.6),
(785, 9691, 'Assassins', 19.024, '1995-10-06', 905, 6.3),
(786, 506574, 'Descendants 3', 24.467, '2019-08-09', 840, 7.9),
(787, 214756, 'Ted 2', 35.595, '2015-06-25', 5071, 6.2),
(788, 243683, 'Step Up All In', 33.972, '2014-07-16', 1484, 6.8),
(789, 497, 'The Green Mile', 28.812, '1999-12-10', 10659, 8.5),
(790, 581600, 'Spenser Confidential', 25.569, '2020-03-06', 1147, 6.7),
(791, 18239, 'The Twilight Saga: New Moon', 22.907, '2009-11-18', 6495, 5.9),
(792, 1891, 'The Empire Strikes Back', 26.561, '1980-05-20', 11864, 8.4),
(793, 9029, 'What Happens in Vegas', 37.233, '2008-05-07', 2086, 6),
(794, 542224, 'Gretel & Hansel', 23.23, '2020-01-30', 557, 6.3),
(795, 329996, 'Dumbo', 23.671, '2019-03-27', 3046, 6.7),
(796, 177677, 'Mission: Impossible - Rogue Nation', 20.593, '2015-07-23', 6160, 7.2),
(797, 307081, 'Southpaw', 37.149, '2015-03-24', 4087, 7.4),
(798, 13004, 'Barbie and the Diamond Castle', 29.231, '2008-01-01', 506, 7.1),
(799, 11036, 'The Notebook', 20.879, '2004-06-25', 7775, 7.9),
(800, 460019, 'Truth or Dare', 36.293, '2018-04-12', 2753, 6),
(801, 68718, 'Django Unchained', 29.774, '2012-12-25', 18820, 8.1),
(802, 1368, 'First Blood', 25.018, '1982-10-22', 3786, 7.4),
(803, 725082, 'Rob Schneider: Asian Momma, Mexican Kids', 26.45, '2020-08-11', 0, 0),
(804, 244761, 'The Captive', 19.56, '2014-08-09', 735, 5.9),
(805, 455839, 'Time Trap', 22.966, '2017-05-19', 178, 6.2),
(806, 550231, 'The Secret: Dare to Dream', 25.176, '2020-04-16', 14, 8.2),
(807, 548473, 'Color Out of Space', 28.589, '2020-01-24', 361, 6.1),
(808, 2105, 'American Pie', 24.695, '1999-07-09', 5370, 6.5),
(809, 38757, 'Tangled', 23.496, '2010-11-24', 7862, 7.6),
(810, 68737, 'Seventh Son', 29.254, '2014-12-12', 1835, 5.4),
(811, 270303, 'It Follows', 29.814, '2015-02-04', 4286, 6.5),
(812, 37724, 'Skyfall', 27.19, '2012-10-25', 11838, 7.1),
(813, 513584, 'Think Like a Dog', 22.273, '2020-08-06', 16, 6.7),
(814, 281957, 'The Revenant', 22.589, '2015-12-25', 13396, 7.5),
(815, 324786, 'Hacksaw Ridge', 30.292, '2016-10-07', 8466, 8.1),
(816, 552178, 'Dark Waters', 21.196, '2019-11-22', 657, 7.4),
(817, 540901, 'Hustlers', 28.581, '2019-09-12', 1794, 6.4),
(818, 471474, 'Batman: Gotham by Gaslight', 24.195, '2018-01-12', 395, 6.6),
(819, 637, 'Life Is Beautiful', 31.126, '1997-12-20', 9123, 8.5),
(820, 109689, 'I Want You', 22.877, '2012-06-22', 998, 7.1),
(821, 625568, 'Unhinged', 36.569, '2020-07-02', 21, 6.4),
(822, 10191, 'How to Train Your Dragon', 21.968, '2010-03-10', 9223, 7.8),
(823, 150535, 'Alice in Wonderland', 22.645, '1949-05-13', 16, 5.3),
(824, 398818, 'Call Me by Your Name', 29.628, '2017-09-01', 7657, 8.3),
(825, 1579, 'Apocalypto', 29.014, '2006-12-07', 3370, 7.5),
(826, 418879, 'The Current War', 18.4, '2019-07-18', 510, 6.7),
(827, 49530, 'In Time', 21.807, '2011-10-27', 7761, 6.9),
(828, 531428, 'Portrait of a Lady on Fire', 23.244, '2019-06-17', 885, 8.2),
(829, 413518, 'Pinocchio', 20.927, '2019-12-19', 618, 6.9),
(830, 605, 'The Matrix Revolutions', 27.351, '2003-11-03', 6351, 6.6),
(831, 15144, 'Sixteen Candles', 24.596, '1984-05-04', 1431, 6.8),
(832, 13207, 'Friday the 13th', 29.148, '2009-02-11', 1537, 5.7),
(833, 343668, 'Kingsman: The Golden Circle', 25.956, '2017-09-20', 6927, 7),
(834, 254128, 'San Andreas', 25.271, '2015-05-27', 6057, 6.1),
(835, 1271, '300', 23.095, '2007-03-07', 9752, 7.1),
(836, 74, 'War of the Worlds', 25.392, '2005-06-28', 5557, 6.4),
(837, 280217, 'The Lego Movie 2: The Second Part', 22.118, '2019-01-26', 1179, 6.7),
(838, 501907, 'A Beautiful Day in the Neighborhood', 19.389, '2019-09-07', 624, 7),
(839, 8358, 'Cast Away', 20.135, '2000-12-22', 7660, 7.6),
(840, 313297, 'Kubo and the Two Strings', 28.238, '2016-08-18', 2522, 7.7);

-- --------------------------------------------------------

--
-- Структура таблицы `movie_to_genre`
--

CREATE TABLE `movie_to_genre` (
  `movie_id` int(11) NOT NULL,
  `genre_id` int(11) NOT NULL
) ENGINE=InnoDB DEFAULT CHARSET=utf8 COLLATE=utf8_unicode_ci;

--
-- Дамп данных таблицы `movie_to_genre`
--

INSERT INTO `movie_to_genre` (`movie_id`, `genre_id`) VALUES
(421, 4),
(421, 12),
(422, 4),
(422, 14),
(423, 1),
(423, 11),
(423, 15),
(424, 1),
(424, 3),
(425, 1),
(425, 5),
(425, 7),
(425, 17),
(426, 1),
(426, 7),
(426, 18),
(427, 4),
(428, 5),
(428, 7),
(428, 17),
(429, 2),
(429, 3),
(429, 4),
(429, 8),
(430, 7),
(430, 15),
(431, 1),
(431, 9),
(432, 1),
(432, 2),
(432, 15),
(433, 1),
(433, 7),
(433, 10),
(433, 18),
(434, 1),
(434, 2),
(434, 15),
(435, 1),
(435, 9),
(435, 15),
(436, 1),
(436, 2),
(436, 15),
(437, 14),
(438, 4),
(438, 7),
(439, 1),
(439, 4),
(439, 5),
(440, 4),
(440, 7),
(440, 17),
(441, 1),
(441, 4),
(442, 2),
(442, 3),
(442, 8),
(443, 1),
(443, 4),
(444, 1),
(444, 11),
(444, 17),
(445, 1),
(445, 2),
(445, 15),
(446, 7),
(447, 2),
(447, 7),
(447, 15),
(448, 1),
(448, 4),
(448, 8),
(448, 15),
(449, 1),
(449, 7),
(449, 10),
(449, 18),
(450, 1),
(450, 2),
(450, 15),
(451, 1),
(451, 7),
(451, 17),
(452, 4),
(452, 14),
(453, 7),
(453, 8),
(454, 1),
(454, 5),
(454, 17),
(455, 2),
(455, 9),
(456, 7),
(456, 11),
(456, 17),
(457, 2),
(457, 8),
(457, 9),
(458, 4),
(458, 14),
(459, 1),
(459, 2),
(459, 4),
(459, 9),
(460, 1),
(460, 4),
(460, 5),
(461, 19),
(462, 7),
(462, 8),
(462, 9),
(463, 5),
(463, 7),
(464, 4),
(464, 7),
(464, 18),
(465, 2),
(465, 3),
(465, 4),
(465, 8),
(465, 9),
(466, 1),
(466, 15),
(467, 1),
(467, 2),
(467, 9),
(468, 1),
(468, 2),
(468, 15),
(469, 2),
(469, 4),
(469, 9),
(470, 1),
(470, 5),
(470, 17),
(471, 5),
(471, 13),
(471, 17),
(472, 15),
(473, 4),
(473, 7),
(473, 14),
(474, 1),
(474, 2),
(474, 15),
(475, 1),
(475, 2),
(475, 9),
(476, 4),
(476, 7),
(476, 14),
(477, 2),
(477, 8),
(477, 9),
(478, 1),
(478, 2),
(478, 15),
(479, 4),
(479, 5),
(479, 7),
(479, 13),
(479, 17),
(480, 17),
(481, 1),
(481, 2),
(481, 15),
(482, 11),
(482, 15),
(482, 17),
(483, 2),
(483, 4),
(483, 8),
(483, 15),
(484, 1),
(484, 2),
(484, 15),
(485, 7),
(485, 14),
(486, 4),
(486, 7),
(487, 4),
(487, 7),
(487, 17),
(488, 1),
(488, 2),
(488, 3),
(488, 4),
(488, 8),
(489, 1),
(489, 17),
(490, 1),
(490, 2),
(490, 15),
(491, 1),
(491, 2),
(491, 9),
(492, 7),
(493, 3),
(493, 4),
(493, 7),
(493, 8),
(494, 4),
(494, 9),
(494, 13),
(494, 14),
(495, 4),
(495, 7),
(495, 10),
(496, 1),
(496, 2),
(496, 3),
(496, 4),
(496, 15),
(497, 1),
(497, 15),
(498, 7),
(498, 12),
(499, 5),
(499, 17),
(500, 7),
(500, 10),
(500, 14),
(501, 1),
(501, 7),
(501, 18),
(502, 1),
(502, 2),
(502, 9),
(502, 15),
(503, 7),
(503, 13),
(503, 17),
(504, 7),
(504, 17),
(505, 3),
(505, 8),
(506, 4),
(506, 7),
(507, 3),
(507, 8),
(507, 14),
(508, 1),
(508, 2),
(508, 9),
(508, 15),
(509, 1),
(509, 2),
(509, 9),
(510, 2),
(510, 9),
(511, 7),
(512, 2),
(512, 9),
(513, 1),
(513, 2),
(513, 9),
(513, 15),
(514, 2),
(514, 8),
(514, 12),
(515, 3),
(515, 8),
(515, 9),
(516, 1),
(516, 11),
(516, 17),
(517, 1),
(517, 2),
(517, 4),
(517, 15),
(518, 1),
(518, 2),
(518, 4),
(519, 1),
(519, 2),
(519, 7),
(519, 15),
(520, 2),
(520, 3),
(520, 4),
(520, 8),
(521, 1),
(521, 5),
(521, 7),
(521, 17),
(522, 9),
(522, 11),
(523, 1),
(523, 2),
(523, 4),
(523, 15),
(524, 2),
(524, 7),
(524, 15),
(525, 1),
(525, 2),
(525, 4),
(526, 1),
(526, 2),
(526, 9),
(526, 15),
(527, 7),
(527, 15),
(528, 11),
(529, 1),
(529, 5),
(529, 7),
(529, 17),
(530, 1),
(530, 13),
(530, 15),
(530, 17),
(531, 2),
(531, 3),
(531, 8),
(532, 2),
(532, 8),
(532, 9),
(532, 14),
(533, 2),
(533, 9),
(535, 1),
(535, 7),
(535, 17),
(536, 2),
(536, 9),
(537, 1),
(537, 2),
(537, 9),
(538, 1),
(538, 2),
(538, 4),
(539, 7),
(539, 8),
(539, 9),
(540, 1),
(540, 2),
(540, 4),
(540, 9),
(540, 15),
(541, 5),
(541, 7),
(542, 2),
(542, 3),
(542, 8),
(543, 2),
(543, 15),
(544, 5),
(544, 17),
(545, 2),
(545, 3),
(545, 4),
(545, 8),
(546, 1),
(546, 2),
(546, 15),
(547, 4),
(548, 1),
(548, 5),
(548, 7),
(549, 1),
(549, 17),
(550, 3),
(550, 4),
(550, 5),
(550, 8),
(550, 9),
(551, 1),
(551, 11),
(551, 15),
(551, 17),
(552, 2),
(552, 7),
(552, 8),
(554, 7),
(554, 15),
(554, 17),
(555, 2),
(555, 8),
(555, 9),
(556, 2),
(556, 8),
(556, 9),
(557, 4),
(557, 5),
(557, 7),
(558, 1),
(558, 2),
(558, 9),
(559, 7),
(559, 9),
(559, 11),
(559, 17),
(560, 2),
(560, 3),
(560, 4),
(560, 8),
(560, 9),
(560, 12),
(561, 1),
(561, 2),
(562, 1),
(562, 7),
(562, 17),
(563, 4),
(563, 7),
(563, 17),
(564, 1),
(564, 2),
(564, 3),
(564, 4),
(565, 1),
(565, 2),
(565, 9),
(566, 3),
(566, 7),
(566, 14),
(567, 5),
(567, 17),
(568, 1),
(568, 5),
(568, 7),
(568, 17),
(569, 1),
(569, 2),
(569, 15),
(570, 2),
(570, 8),
(570, 9),
(571, 2),
(571, 4),
(571, 8),
(572, 1),
(572, 2),
(572, 15),
(573, 11),
(573, 15),
(574, 11),
(575, 7),
(575, 15),
(575, 17),
(576, 7),
(576, 14),
(577, 7),
(577, 11),
(578, 1),
(578, 2),
(578, 9),
(580, 1),
(580, 2),
(580, 4),
(581, 1),
(581, 7),
(581, 10),
(581, 18),
(582, 4),
(582, 7),
(582, 12),
(582, 14),
(583, 4),
(583, 9),
(584, 1),
(584, 11),
(584, 15),
(585, 1),
(585, 7),
(586, 2),
(586, 3),
(586, 4),
(586, 8),
(586, 9),
(587, 11),
(587, 13),
(587, 17),
(588, 2),
(588, 3),
(588, 4),
(588, 8),
(588, 9),
(589, 1),
(589, 9),
(590, 1),
(590, 4),
(590, 14),
(591, 2),
(591, 4),
(591, 8),
(591, 9),
(592, 4),
(592, 7),
(593, 2),
(593, 15),
(593, 17),
(594, 1),
(594, 2),
(594, 15),
(595, 4),
(595, 11),
(595, 12),
(596, 2),
(596, 9),
(597, 5),
(597, 7),
(597, 10),
(598, 3),
(598, 8),
(598, 9),
(599, 1),
(599, 2),
(599, 9),
(600, 7),
(600, 14),
(600, 17),
(601, 1),
(601, 2),
(601, 15),
(601, 17),
(602, 1),
(602, 2),
(602, 8),
(602, 9),
(602, 15),
(603, 1),
(603, 17),
(604, 2),
(604, 13),
(604, 15),
(605, 8),
(605, 9),
(605, 14),
(606, 1),
(606, 2),
(606, 4),
(606, 15),
(607, 11),
(607, 13),
(607, 17),
(608, 1),
(608, 15),
(609, 1),
(609, 2),
(609, 15),
(610, 1),
(610, 7),
(611, 1),
(611, 2),
(611, 9),
(612, 1),
(612, 2),
(612, 15),
(613, 3),
(613, 7),
(613, 8),
(614, 1),
(614, 5),
(614, 7),
(614, 17),
(615, 1),
(615, 2),
(615, 15),
(616, 2),
(616, 13),
(616, 15),
(617, 14),
(618, 2),
(618, 4),
(618, 15),
(619, 1),
(619, 5),
(619, 17),
(620, 7),
(620, 18),
(621, 1),
(621, 2),
(622, 7),
(623, 7),
(623, 13),
(623, 17),
(624, 1),
(624, 2),
(625, 1),
(625, 15),
(625, 17),
(626, 1),
(626, 5),
(626, 7),
(627, 6),
(627, 7),
(628, 4),
(628, 14),
(629, 1),
(629, 2),
(629, 15),
(630, 1),
(630, 2),
(630, 15),
(631, 1),
(631, 2),
(631, 9),
(632, 1),
(632, 2),
(632, 9),
(633, 2),
(633, 4),
(633, 8),
(633, 9),
(634, 7),
(634, 10),
(634, 17),
(634, 18),
(635, 7),
(635, 10),
(635, 12),
(636, 1),
(636, 2),
(636, 11),
(636, 15),
(637, 1),
(637, 4),
(637, 5),
(637, 9),
(638, 1),
(638, 2),
(638, 4),
(638, 15),
(639, 2),
(639, 9),
(640, 2),
(640, 9),
(640, 13),
(641, 3),
(641, 4),
(641, 8),
(641, 9),
(642, 1),
(642, 2),
(642, 15),
(643, 5),
(643, 7),
(644, 12),
(645, 7),
(645, 15),
(645, 17),
(646, 1),
(646, 2),
(646, 9),
(647, 1),
(647, 15),
(648, 1),
(648, 15),
(649, 1),
(649, 7),
(649, 9),
(649, 18),
(650, 1),
(650, 15),
(651, 4),
(651, 12),
(652, 1),
(652, 17),
(653, 1),
(653, 2),
(653, 8),
(653, 9),
(653, 14),
(654, 1),
(654, 2),
(654, 9),
(654, 15),
(654, 17),
(655, 1),
(655, 2),
(655, 9),
(656, 1),
(656, 4),
(656, 9),
(657, 1),
(657, 2),
(657, 5),
(657, 17),
(658, 1),
(658, 15),
(658, 17),
(659, 11),
(660, 4),
(660, 7),
(660, 8),
(660, 14),
(661, 1),
(661, 17),
(662, 1),
(662, 2),
(662, 3),
(662, 4),
(662, 8),
(662, 9),
(663, 1),
(663, 2),
(663, 3),
(663, 4),
(663, 8),
(664, 4),
(664, 7),
(664, 12),
(664, 14),
(665, 2),
(665, 15),
(666, 1),
(666, 7),
(666, 15),
(667, 7),
(667, 10),
(668, 11),
(668, 15),
(668, 17),
(669, 3),
(669, 4),
(669, 8),
(670, 1),
(670, 4),
(670, 9),
(671, 7),
(671, 11),
(671, 13),
(672, 1),
(672, 15),
(672, 17),
(673, 1),
(673, 2),
(673, 9),
(673, 15),
(674, 1),
(674, 2),
(674, 7),
(675, 3),
(675, 4),
(675, 8),
(676, 1),
(676, 2),
(676, 7),
(677, 1),
(677, 2),
(677, 15),
(678, 1),
(678, 7),
(678, 17),
(679, 5),
(679, 7),
(679, 12),
(679, 14),
(680, 11),
(680, 15),
(681, 1),
(681, 15),
(681, 17),
(682, 1),
(682, 15),
(682, 17),
(683, 15),
(684, 4),
(684, 15),
(685, 1),
(685, 5),
(685, 17),
(686, 7),
(686, 12),
(686, 14),
(687, 4),
(687, 9),
(688, 4),
(688, 5),
(688, 9),
(688, 14),
(689, 1),
(689, 5),
(690, 7),
(690, 13),
(690, 15),
(691, 11),
(691, 13),
(691, 17),
(692, 7),
(692, 12),
(693, 1),
(693, 2),
(693, 4),
(693, 5),
(694, 4),
(694, 11),
(695, 11),
(696, 7),
(696, 10),
(696, 17),
(697, 11),
(697, 13),
(697, 17),
(698, 7),
(698, 18),
(699, 7),
(699, 10),
(699, 18),
(700, 3),
(700, 15),
(701, 1),
(701, 2),
(701, 15),
(701, 17),
(702, 3),
(702, 4),
(702, 8),
(703, 1),
(703, 2),
(703, 15),
(704, 5),
(704, 13),
(704, 17),
(705, 7),
(705, 15),
(705, 17),
(706, 7),
(707, 3),
(707, 8),
(708, 1),
(708, 4),
(708, 15),
(709, 1),
(709, 2),
(709, 3),
(709, 9),
(710, 7),
(710, 14),
(711, 7),
(712, 2),
(712, 3),
(712, 7),
(712, 9),
(712, 14),
(713, 11),
(713, 13),
(713, 17),
(714, 11),
(714, 15),
(714, 17),
(715, 1),
(715, 2),
(715, 9),
(716, 1),
(716, 4),
(716, 11),
(717, 1),
(717, 2),
(717, 15),
(717, 17),
(718, 2),
(718, 9),
(718, 11),
(719, 3),
(720, 1),
(720, 17),
(721, 1),
(721, 2),
(721, 9),
(722, 4),
(722, 11),
(722, 13),
(722, 17),
(723, 1),
(723, 2),
(723, 9),
(724, 11),
(725, 4),
(725, 5),
(725, 13),
(726, 1),
(726, 5),
(726, 17),
(728, 1),
(728, 2),
(728, 9),
(729, 1),
(729, 2),
(729, 3),
(729, 4),
(729, 8),
(729, 9),
(730, 1),
(730, 9),
(730, 17),
(731, 1),
(731, 5),
(731, 7),
(732, 2),
(732, 9),
(733, 11),
(733, 17),
(734, 1),
(734, 2),
(734, 9),
(735, 4),
(735, 7),
(735, 14),
(736, 4),
(737, 1),
(737, 2),
(737, 9),
(737, 15),
(738, 1),
(738, 2),
(738, 15),
(739, 5),
(739, 17),
(740, 7),
(740, 9),
(740, 17),
(741, 13),
(741, 14),
(741, 15),
(741, 17),
(742, 2),
(742, 8),
(742, 9),
(743, 1),
(743, 2),
(743, 3),
(743, 8),
(743, 9),
(744, 1),
(744, 5),
(744, 11),
(744, 17),
(745, 1),
(745, 7),
(745, 10),
(745, 18),
(746, 1),
(746, 2),
(746, 15),
(747, 1),
(747, 2),
(747, 9),
(748, 1),
(748, 5),
(748, 7),
(748, 17),
(749, 2),
(749, 3),
(749, 9),
(750, 1),
(750, 4),
(750, 8),
(751, 4),
(751, 7),
(751, 14),
(752, 4),
(753, 4),
(753, 7),
(753, 14),
(754, 1),
(754, 2),
(754, 15),
(754, 17),
(755, 2),
(755, 3),
(755, 4),
(755, 8),
(756, 1),
(756, 2),
(756, 9),
(757, 2),
(757, 3),
(757, 4),
(757, 8),
(758, 4),
(758, 11),
(758, 14),
(759, 1),
(759, 2),
(759, 9),
(759, 15),
(760, 4),
(760, 7),
(761, 4),
(761, 15),
(762, 11),
(763, 1),
(763, 15),
(763, 17),
(764, 11),
(764, 15),
(765, 1),
(765, 15),
(766, 7),
(767, 2),
(767, 3),
(767, 8),
(767, 9),
(767, 14),
(768, 1),
(768, 2),
(768, 4),
(768, 9),
(769, 7),
(769, 14),
(770, 5),
(770, 7),
(770, 13),
(770, 14),
(770, 17),
(771, 6),
(772, 1),
(772, 2),
(772, 3),
(772, 8),
(773, 1),
(773, 7),
(773, 17),
(773, 18),
(775, 5),
(775, 7),
(775, 17),
(776, 1),
(776, 4),
(776, 11),
(777, 2),
(777, 3),
(777, 4),
(777, 8),
(777, 9),
(777, 16),
(779, 4),
(779, 14),
(780, 14),
(780, 16),
(781, 17),
(782, 4),
(782, 7),
(783, 1),
(783, 2),
(783, 9),
(784, 7),
(784, 13),
(784, 17),
(785, 1),
(785, 2),
(785, 5),
(785, 17),
(786, 2),
(786, 8),
(786, 9),
(786, 12),
(786, 16),
(787, 4),
(788, 7),
(788, 12),
(788, 14),
(789, 5),
(789, 7),
(789, 9),
(790, 1),
(790, 4),
(790, 17),
(791, 2),
(791, 7),
(791, 9),
(791, 14),
(792, 1),
(792, 2),
(792, 15),
(793, 4),
(793, 14),
(794, 9),
(794, 11),
(794, 17),
(795, 2),
(795, 8),
(795, 9),
(796, 1),
(796, 2),
(797, 1),
(797, 7),
(798, 3),
(798, 8),
(799, 7),
(799, 14),
(800, 11),
(800, 17),
(801, 7),
(801, 19),
(802, 1),
(802, 2),
(802, 17),
(802, 18),
(803, 4),
(804, 5),
(804, 7),
(804, 17),
(805, 2),
(805, 15),
(806, 7),
(806, 14),
(807, 11),
(807, 15),
(808, 4),
(808, 14),
(809, 3),
(809, 8),
(810, 2),
(810, 9),
(811, 11),
(812, 1),
(812, 2),
(812, 17),
(813, 4),
(813, 7),
(813, 8),
(814, 2),
(814, 7),
(814, 19),
(815, 7),
(815, 10),
(815, 18),
(816, 7),
(816, 17),
(817, 4),
(817, 5),
(817, 7),
(818, 1),
(818, 3),
(818, 15),
(818, 17),
(819, 4),
(819, 7),
(820, 7),
(820, 14),
(821, 17),
(822, 2),
(822, 3),
(822, 8),
(822, 9),
(823, 8),
(823, 9),
(823, 12),
(824, 7),
(824, 14),
(825, 1),
(825, 2),
(825, 7),
(825, 17),
(826, 7),
(826, 10),
(827, 1),
(827, 15),
(827, 17),
(828, 7),
(828, 14),
(829, 2),
(829, 7),
(829, 8),
(829, 9),
(830, 1),
(830, 2),
(830, 15),
(830, 17),
(831, 4),
(831, 14),
(832, 11),
(833, 1),
(833, 2),
(833, 4),
(834, 1),
(834, 7),
(834, 17),
(835, 1),
(835, 2),
(835, 18),
(836, 2),
(836, 15),
(836, 17),
(837, 1),
(837, 2),
(837, 3),
(837, 4),
(837, 8),
(837, 9),
(837, 15),
(838, 7),
(839, 2),
(839, 7),
(840, 2),
(840, 3),
(840, 8);

--
-- Индексы сохранённых таблиц
--

--
-- Индексы таблицы `genres`
--
ALTER TABLE `genres`
  ADD PRIMARY KEY (`id`),
  ADD UNIQUE KEY `UNIQ_A8EBE5169F75D7B0` (`external_id`);

--
-- Индексы таблицы `movies`
--
ALTER TABLE `movies`
  ADD PRIMARY KEY (`id`),
  ADD UNIQUE KEY `UNIQ_C61EED309F75D7B0` (`external_id`);

--
-- Индексы таблицы `movie_to_genre`
--
ALTER TABLE `movie_to_genre`
  ADD PRIMARY KEY (`movie_id`,`genre_id`),
  ADD KEY `IDX_549A99458F93B6FC` (`movie_id`),
  ADD KEY `IDX_549A99454296D31F` (`genre_id`);

--
-- AUTO_INCREMENT для сохранённых таблиц
--

--
-- AUTO_INCREMENT для таблицы `genres`
--
ALTER TABLE `genres`
  MODIFY `id` int(11) NOT NULL AUTO_INCREMENT, AUTO_INCREMENT=20;

--
-- AUTO_INCREMENT для таблицы `movies`
--
ALTER TABLE `movies`
  MODIFY `id` int(11) NOT NULL AUTO_INCREMENT, AUTO_INCREMENT=841;

--
-- Ограничения внешнего ключа сохраненных таблиц
--

--
-- Ограничения внешнего ключа таблицы `movie_to_genre`
--
ALTER TABLE `movie_to_genre`
  ADD CONSTRAINT `FK_549A99454296D31F` FOREIGN KEY (`genre_id`) REFERENCES `genres` (`id`),
  ADD CONSTRAINT `FK_549A99458F93B6FC` FOREIGN KEY (`movie_id`) REFERENCES `movies` (`id`);
COMMIT;

/*!40101 SET CHARACTER_SET_CLIENT=@OLD_CHARACTER_SET_CLIENT */;
/*!40101 SET CHARACTER_SET_RESULTS=@OLD_CHARACTER_SET_RESULTS */;
/*!40101 SET COLLATION_CONNECTION=@OLD_COLLATION_CONNECTION */;
